{"cameraMode":{"drawMode":0,"name":"Shaded","section":"Shading Mode"},"sceneLighting":false,"audioPlay":false,"sceneViewState":{"showFog":true,"showMaterialUpdate":false,"showSkybox":true,"showFlares":true,"showImageEffects":true,"showParticleSystems":true},"in2DMode":false,"pivot":{"x":7.714813232421875,"y":0.17399999499320985,"z":1.5},"rotation":{"x":0.18609975278377534,"y":-0.055970627814531329,"z":0.010619931854307652,"w":0.9808779358863831},"size":0.9588191509246826,"orthographic":false}