{"cameraMode":{"drawMode":0,"name":"Shaded","section":"Shading Mode"},"sceneLighting":false,"audioPlay":false,"sceneViewState":{"showFog":true,"showMaterialUpdate":false,"showSkybox":true,"showFlares":true,"showImageEffects":true,"showParticleSystems":true},"in2DMode":false,"pivot":{"x":-0.8581493496894836,"y":0.753000020980835,"z":1.0},"rotation":{"x":0.20338711142539979,"y":0.07920798659324646,"z":-0.01651230826973915,"w":0.9757495522499085},"size":4.849870204925537,"orthographic":false}