{"cameraMode":{"drawMode":0,"name":"Shaded","section":"Shading Mode"},"sceneLighting":false,"audioPlay":false,"sceneViewState":{"showFog":true,"showMaterialUpdate":false,"showSkybox":true,"showFlares":true,"showImageEffects":true,"showParticleSystems":true},"in2DMode":false,"pivot":{"x":-0.42602401971817019,"y":0.28268659114837649,"z":1.0878071784973145},"rotation":{"x":0.23102690279483796,"y":0.6954676508903503,"z":-0.2546573877334595,"w":0.6309524178504944},"size":2.109541177749634,"orthographic":false}