{"cameraMode":{"drawMode":0,"name":"Shaded","section":"Shading Mode"},"sceneLighting":false,"audioPlay":false,"sceneViewState":{"showFog":true,"showMaterialUpdate":false,"showSkybox":true,"showFlares":true,"showImageEffects":true,"showParticleSystems":true},"in2DMode":false,"pivot":{"x":0.0,"y":0.30106404423713686,"z":0.06000000238418579},"rotation":{"x":0.08468708395957947,"y":-0.05079486966133118,"z":0.004322487395256758,"w":0.9951027035713196},"size":2.399456024169922,"orthographic":false}