{"cameraMode":{"drawMode":0,"name":"Shaded","section":"Shading Mode"},"sceneLighting":false,"audioPlay":false,"sceneViewState":{"showFog":true,"showMaterialUpdate":false,"showSkybox":true,"showFlares":true,"showImageEffects":true,"showParticleSystems":true},"in2DMode":false,"pivot":{"x":-0.42602401971817019,"y":0.28268659114837649,"z":1.0878071784973145},"rotation":{"x":0.22901330888271333,"y":0.6666808724403381,"z":-0.22724169492721559,"w":0.6719008684158325},"size":1.2095413208007813,"orthographic":false}