{"cameraMode":{"drawMode":0,"name":"Shaded","section":"Shading Mode"},"sceneLighting":false,"audioPlay":false,"sceneViewState":{"showFog":true,"showMaterialUpdate":false,"showSkybox":true,"showFlares":true,"showImageEffects":true,"showParticleSystems":true},"in2DMode":false,"pivot":{"x":-2.387661933898926,"y":0.2199997901916504,"z":0.0},"rotation":{"x":0.11275676637887955,"y":0.08336182683706284,"z":-0.009497681632637978,"w":0.9900740385055542},"size":30.66961669921875,"orthographic":false}