{"cameraMode":{"drawMode":0,"name":"Shaded","section":"Shading Mode"},"sceneLighting":false,"audioPlay":false,"sceneViewState":{"showFog":true,"showMaterialUpdate":false,"showSkybox":true,"showFlares":true,"showImageEffects":true,"showParticleSystems":true},"in2DMode":false,"pivot":{"x":0.004079341888427734,"y":0.04823434352874756,"z":1.0},"rotation":{"x":0.3230043053627014,"y":0.13424314558506013,"z":-0.04634235426783562,"w":0.9356812834739685},"size":2.0499351024627687,"orthographic":false}