{"cameraMode":{"drawMode":0,"name":"Shaded","section":"Shading Mode"},"sceneLighting":false,"audioPlay":false,"sceneViewState":{"showFog":true,"showMaterialUpdate":false,"showSkybox":true,"showFlares":true,"showImageEffects":true,"showParticleSystems":true},"in2DMode":false,"pivot":{"x":0.0,"y":0.40000152587890627,"z":-0.01000000536441803},"rotation":{"x":0.127139613032341,"y":0.014877676963806153,"z":-0.0019065018277615309,"w":0.991771399974823},"size":233.3456573486328,"orthographic":false}