{"cameraMode":{"drawMode":0,"name":"Shaded","section":"Shading Mode"},"sceneLighting":false,"audioPlay":false,"sceneViewState":{"showFog":true,"showMaterialUpdate":false,"showSkybox":true,"showFlares":true,"showImageEffects":true,"showParticleSystems":true},"in2DMode":false,"pivot":{"x":0.0,"y":0.40000152587890627,"z":0.06000000238418579},"rotation":{"x":0.17681246995925904,"y":0.15431512892246247,"z":-0.028084641322493554,"w":0.9716663956642151},"size":233.3459014892578,"orthographic":false}