{"cameraMode":{"drawMode":0,"name":"Shaded","section":"Shading Mode"},"sceneLighting":false,"audioPlay":false,"sceneViewState":{"showFog":true,"showMaterialUpdate":false,"showSkybox":true,"showFlares":true,"showImageEffects":true,"showParticleSystems":true},"in2DMode":false,"pivot":{"x":2.5,"y":0.23664876818656922,"z":-0.06999999284744263},"rotation":{"x":0.15865516662597657,"y":0.6763818264007568,"z":-0.15267130732536317,"w":0.7028710842132568},"size":1.9527915716171265,"orthographic":false}