{"cameraMode":{"drawMode":0,"name":"Shaded","section":"Shading Mode"},"sceneLighting":false,"audioPlay":false,"sceneViewState":{"showFog":true,"showMaterialUpdate":false,"showSkybox":true,"showFlares":true,"showImageEffects":true,"showParticleSystems":true},"in2DMode":false,"pivot":{"x":0.0,"y":0.40000152587890627,"z":0.06000000238418579},"rotation":{"x":0.1787879467010498,"y":0.05133082717657089,"z":-0.009335532784461975,"w":0.9825034141540527},"size":1.0366573333740235,"orthographic":false}