{"cameraMode":{"drawMode":0,"name":"Shaded","section":"Shading Mode"},"sceneLighting":true,"audioPlay":false,"sceneViewState":{"showFog":true,"showMaterialUpdate":false,"showSkybox":true,"showFlares":true,"showImageEffects":true,"showParticleSystems":true},"in2DMode":false,"pivot":{"x":1.1449642181396485,"y":-0.12232649326324463,"z":0.44162440299987795},"rotation":{"x":-0.2839033603668213,"y":-0.029340097680687906,"z":0.008687179535627365,"w":-0.9583645462989807},"size":2.9994559288024904,"orthographic":false}