{"cameraMode":{"drawMode":0,"name":"Shaded","section":"Shading Mode"},"sceneLighting":false,"audioPlay":false,"sceneViewState":{"showFog":true,"showMaterialUpdate":false,"showSkybox":true,"showFlares":true,"showImageEffects":true,"showParticleSystems":true},"in2DMode":false,"pivot":{"x":0.0,"y":0.30106404423713686,"z":0.06000000238418579},"rotation":{"x":0.1582554578781128,"y":0.030798310413956643,"z":-0.004934133030474186,"w":0.9869054555892944},"size":0.5994561910629273,"orthographic":false}