{"cameraMode":{"drawMode":0,"name":"Shaded","section":"Shading Mode"},"sceneLighting":false,"audioPlay":false,"sceneViewState":{"showFog":true,"showMaterialUpdate":false,"showSkybox":true,"showFlares":true,"showImageEffects":true,"showParticleSystems":true},"in2DMode":false,"pivot":{"x":0.0015663504600524903,"y":0.27324557304382326,"z":0.040096402168273929},"rotation":{"x":0.17683018743991853,"y":-0.0887492448091507,"z":0.016016146168112756,"w":0.9801011085510254},"size":0.6610110998153687,"orthographic":false}